DELETE FROM user;

INSERT INTO user ('user_id', 'username', 'password', 'name') VALUES
    ('77707f1b-400c-3fe0-b656-c0b14499a71d', 'hans.goodwin@example.com', '$2y$10$D5KmHYSy9h41/JSuLmAlTOI5SIuxDFzkfqQnqEhKD2YKPUCHcZcse', 'Hans Goodwin');
INSERT INTO user ('user_id', 'username', 'password', 'name') VALUES
    ('f1a16bf2-cfff-3571-adf8-a96365598736', 'philip.larkin@example.com', '$2y$10$/MMvbr9UYHHcE0N9u49tRujhayR4.TTRYV0pox0T/LaNkOTbtEimW', 'Philip Larkin');
INSERT INTO user ('user_id', 'username', 'password', 'name') VALUES
    ('f075512f-9734-304c-b839-b86174143c07', 'harvey.gibson@example.com', '$2y$10$PxDk2rKMxQ/vWeCmWZ/OE.KAKivZMO56O/bcCrPKkuxiJyLJBPsyi', 'Harvey Gibson');
INSERT INTO user ('user_id', 'username', 'password', 'name') VALUES
    ('0d5ba641-a722-349d-9415-6cd074e5e47e', 'jakayla.wehner@example.com', '$2y$10$Fjrz40d.0UO9iWZufIH10uqAik.4FdnsVzuGWKQjVgc66Q0Wd9Ktu', 'Jakayla Wehner');
INSERT INTO user ('user_id', 'username', 'password', 'name') VALUES
    ('459c1e14-c097-3132-bb95-8a7e3c79a23f', 'adelle.kuhic@example.com', '$2y$10$WS/zo7NGh8KaEukQi4dX7ueQNkpdacBOQU/4QwiiUOqrsJ94Pks3e', 'Adelle Kuhic');
INSERT INTO user ('user_id', 'username', 'password', 'name') VALUES
    ('ddfa9d66-e6b6-3cc1-b69c-9d5d6e2aa2b1', 'jermey.johnson@example.com', '$2y$10$6vUQA/j24vmoZONsAPZ3j.ueKbRmecDQO6D5lxTQchScOgL1Z5PPG', 'Jermey Johnson');
INSERT INTO user ('user_id', 'username', 'password', 'name') VALUES
    ('f6ebacd9-d3c3-3a69-8cc1-bdfe83ade411', 'garrett.jacobs@example.com', '$2y$10$O1g75GI6Qc6CVUekt31CwOApMfJmOziMSMUlZK3tZjU513U30Xl8G', 'Garrett Jacobs');
INSERT INTO user ('user_id', 'username', 'password', 'name') VALUES
    ('6d648fb8-c99a-366d-9a9e-2223d7315add', 'elyse.mckenzie@example.com', '$2y$10$Xn3rK77jvHg6rHBkRFOqGuQNinFoENP8nDrFqFmLWnZBxTBtwXryu', 'Elyse McKenzie');
INSERT INTO user ('user_id', 'username', 'password', 'name') VALUES
    ('179f7625-1002-3eee-8958-bc6e7026dc6b', 'carrie.eichmann@example.com', '$2y$10$WalZ/diyt.jdhgDf5KYeWegN/hWnop2G0A5tW.mAZqK7zHf7ozyZS', 'Carrie Eichmann');
INSERT INTO user ('user_id', 'username', 'password', 'name') VALUES
    ('1b8bfcc7-d058-3c84-960e-2f186cda4d35', 'florine.johns@example.com', '$2y$10$1wMN2kcARPfwyEp7BRVwMu2qWPJQFKjYNzNC7GYFZz1VAN4TvtSqK', 'Florine Johns');
INSERT INTO user ('user_id', 'username', 'password', 'name') VALUES
    ('2274ab6c-3f92-3a6e-ab74-23088399fd2a', 'jermey.emard@example.com', '$2y$10$wZ.Fcsgm5FkToOiXk.zGHuevAw2uh4F4q2tv1mXHPhUDrNsyTGEyK', 'Jermey Emard');
INSERT INTO user ('user_id', 'username', 'password', 'name') VALUES
    ('b2b26867-a1fa-3c63-9f44-1d77d211f7db', 'miles.barton@example.com', '$2y$10$iMlVwbqykMk5iNMbOQoZ/.TzEBTv9rbZYU/Zammfhot5jBwlLBn9K', 'Miles Barton');
INSERT INTO user ('user_id', 'username', 'password', 'name') VALUES
    ('5f40c02f-3484-3693-a172-b30346dabe31', 'hilton.kertzmann@example.com', '$2y$10$JWiaMGsEhtyvp0mrWg0pgun0ONmH/vJcJHF3t9jlMh7.fk49H4VdG', 'Hilton Kertzmann');
INSERT INTO user ('user_id', 'username', 'password', 'name') VALUES
    ('7515ccfc-34ed-35f5-9ad0-2335fce427e6', 'skylar.robel@example.com', '$2y$10$QZ5D5hXxIky/FC9BID.PGOZsXOACrgMqmOs7/mMWNCP/JO32mSV8.', 'Skylar Robel');
INSERT INTO user ('user_id', 'username', 'password', 'name') VALUES
    ('f1cec6e4-c13c-3e38-a55e-035bdd6f79a9', 'lelah.batz@example.com', '$2y$10$uGI4bwWXpkzcaZEvOXj9g.nVZINaFnpZ1DNvOXcvmyfRK7eEWqBBu', 'Lelah Batz');
INSERT INTO user ('user_id', 'username', 'password', 'name') VALUES
    ('d39f2ade-811d-30c4-b26b-743257b9fe67', 'karl.collier@example.com', '$2y$10$nCTFjK14iE2scJknNpZ4Hu5bS2tGNRhdyrP3qvUY1L2tNlCzVJkGa', 'Karl Collier');
INSERT INTO user ('user_id', 'username', 'password', 'name') VALUES
    ('f2b948d9-77b3-32eb-b457-ee7e939efad7', 'kamryn.pagac@example.com', '$2y$10$bqM.u2HYL4pxSlNwNVAS7ub7LWZJpQ05SiWZquj1YvNaWuHoJVl7e', 'Kamryn Pagac');
INSERT INTO user ('user_id', 'username', 'password', 'name') VALUES
    ('d475e597-8525-3e1c-a96c-fd0fc2a29c44', 'danielle.hammes@example.com', '$2y$10$ztVT.yQvtipVjBtk7FDmT.SL9vDb2oFLH0wnSGJpol1ev/Or7RJ3y', 'Danielle Hammes');
INSERT INTO user ('user_id', 'username', 'password', 'name') VALUES
    ('bca9dc72-7f6a-334b-94b1-f7946af0ac47', 'una.rippin@example.com', '$2y$10$y7jyrLISk6HuSkqM1Apm/unYOzF3g4Eaq1mQI7gUTJsFlj.c5GTnK', 'Una Rippin');
INSERT INTO user ('user_id', 'username', 'password', 'name') VALUES
    ('64b488cb-b148-3ca5-9e5e-1d8d308899fa', 'steve.klein@example.com', '$2y$10$gLOOYdWX11lTuIRJ.XqqYOGeIFZhnZ5ywHqzOwTALrWb/Qp4bTZt6', 'Steve Klein');
INSERT INTO user ('user_id', 'username', 'password', 'name') VALUES
    ('5944b541-64a2-3db2-acd1-5549511eeae9', 'willard.bergnaum@example.com', '$2y$10$cYmI.nkHuOJ6FDj8dWgUjeN5yQKjS9h6pqtQkHBbsyXAZNzNZdbZi', 'Willard Bergnaum');
INSERT INTO user ('user_id', 'username', 'password', 'name') VALUES
    ('e560d07e-c704-3db1-943f-3e3202e24120', 'suzanne.cruickshank@example.com', '$2y$10$PNW13KYPwnhE36xwXF4P6.VV4vk3CKetgCv.T3bUKsFvERDejeO7e', 'Suzanne Cruickshank');
INSERT INTO user ('user_id', 'username', 'password', 'name') VALUES
    ('a2d9bd43-3168-3a53-9bf2-90e3af95f619', 'norberto.wiegand@example.com', '$2y$10$rW1vqS5QAZO4lhab2jp9iuqhz5e7per1IF38fit3IJlaAQmQ.nghS', 'Norberto Wiegand');
INSERT INTO user ('user_id', 'username', 'password', 'name') VALUES
    ('ee8bd5b2-c9f0-3eb9-8728-49e8030e0537', 'aleen.hilll@example.com', '$2y$10$6xBkTUhUPmUjyRDeE2RBvuI5GUPfN2iFOXoiGlBWMAbMjE3CsbPDG', 'Aleen Hilll');
INSERT INTO user ('user_id', 'username', 'password', 'name') VALUES
    ('0cee2394-33f3-3458-b9a2-a2a5e99d0115', 'jaqueline.feest@example.com', '$2y$10$/5d3g45ut5.66MsDr9NYiOOhV2VpGvJO20PcOf94K1IrSkQ0YMY0i', 'Jaqueline Feest');


DELETE FROM book;

INSERT INTO book ('book_id', 'title', 'author', 'isbn') VALUES
    ('216c99eb-31ef-3e68-8f6a-47d44bc857a4', 'Da Vinci Code,The', 'Brown, Dan,', '9780552149518');
INSERT INTO book ('book_id', 'title', 'author', 'isbn') VALUES
    ('0ff9e440-3502-3949-b84a-e6978a7469eb', 'Harry Potter and the Philosopher''s Stone', 'Rowling, J. K.', '9780747532743');
INSERT INTO book ('book_id', 'title', 'author', 'isbn') VALUES
    ('5c792d5e-b1c7-35c2-98e5-6184dc5d998b', 'Harry Potter and the Chamber of Secrets', 'Rowling, J. K.', '9780747538486');
INSERT INTO book ('book_id', 'title', 'author', 'isbn') VALUES
    ('ff830cf0-1bc6-3fab-98ac-55c702b611ca', 'Angels and Demons', 'Brown, Dan', '9780552150736');
INSERT INTO book ('book_id', 'title', 'author', 'isbn') VALUES
    ('d418884d-a8a6-3656-b459-ebabd754e332', 'Harry Potter and the Order of the Phoenix', 'Rowling, J. K.', '9780747551003');
INSERT INTO book ('book_id', 'title', 'author', 'isbn') VALUES
    ('04bd0716-055b-37a6-9aa7-0adc89597944', 'Harry Potter and the Half-blood Prince', 'Rowling, J. K.', '9780747581086');
INSERT INTO book ('book_id', 'title', 'author', 'isbn') VALUES
    ('00a29310-207c-388f-86ef-1ad4b33b9793', 'Harry Potter and the Deathly Hallows', 'Rowling, J. K.', '9780747591054');
INSERT INTO book ('book_id', 'title', 'author', 'isbn') VALUES
    ('2ea7890b-87e6-38d1-8f1e-08fb49ea5f1a', 'Harry Potter and the Prisoner of Azkaban', 'Rowling, J. K.', '9780747546290');
INSERT INTO book ('book_id', 'title', 'author', 'isbn') VALUES
    ('86741435-1dd9-314f-bdb5-6ddc5c089c3f', 'Twilight', 'Meyer, Stephenie', '9781904233657');
INSERT INTO book ('book_id', 'title', 'author', 'isbn') VALUES
    ('eb125c05-9060-335b-9cad-21224ccfa8ff', 'Harry Potter and the Goblet of Fire', 'Rowling, J. K.', '9780747550990');
INSERT INTO book ('book_id', 'title', 'author', 'isbn') VALUES
    ('27576a85-fa94-36c8-939f-b397c2b6704d', 'Deception Point', 'Brown, Dan', '9780552151764');
INSERT INTO book ('book_id', 'title', 'author', 'isbn') VALUES
    ('41444fc3-df21-3331-870e-7b92c5e9f3ad', 'New Moon', 'Meyer, Stephenie', '9781904233886');
INSERT INTO book ('book_id', 'title', 'author', 'isbn') VALUES
    ('88bde84a-1ed3-3768-abcb-d9b3efd6fd93', '"Lovely Bones,The"', 'Sebold, Alice', '9780330457729');
INSERT INTO book ('book_id', 'title', 'author', 'isbn') VALUES
    ('2e16a722-e78a-30fb-a2f6-715bc0869fcd', 'Digital Fortress', 'Brown, Dan', '9780552151696');
INSERT INTO book ('book_id', 'title', 'author', 'isbn') VALUES
    ('0263dc4d-6e0f-3482-8add-972469c0f1b6', '"Curious Incident of the Dog in the Night-time,The"', 'Haddon, Mark', '9780099450252');
INSERT INTO book ('book_id', 'title', 'author', 'isbn') VALUES
    ('a1bd7b8c-1e74-3207-8228-ea82f4737231', 'Eclipse', 'Meyer, Stephenie', '9781904233916');
INSERT INTO book ('book_id', 'title', 'author', 'isbn') VALUES
    ('339598bf-4b11-302b-941c-93a034814843', '"Girl with the Dragon Tattoo,The:Millennium Trilogy"', 'Larsson, Stieg', '9781847245458');
INSERT INTO book ('book_id', 'title', 'author', 'isbn') VALUES
    ('c2702bed-ea3f-39c7-aa63-31669bfb3d92', '"Kite Runner,The"', 'Hosseini, Khaled', '9780747566533');
INSERT INTO book ('book_id', 'title', 'author', 'isbn') VALUES
    ('97c1446f-d86e-30ed-94bd-a06ef0a5ec53', '"Time Traveler''s Wife,The"', 'Niffenegger, Audrey', '9780099464464');
INSERT INTO book ('book_id', 'title', 'author', 'isbn') VALUES
    ('aefc3dab-8739-34a8-8f2d-a626d3f03981', '"World According to Clarkson,The"', 'Clarkson, Jeremy', '9780141017891');
INSERT INTO book ('book_id', 'title', 'author', 'isbn') VALUES
    ('866b7a69-f4b9-3679-87fc-51304798dc28', 'Atonement', 'McEwan, Ian', '9780099429791');
INSERT INTO book ('book_id', 'title', 'author', 'isbn') VALUES
    ('6f3d48b3-66a8-37d7-8e0a-001fe22f764f', '"Lost Symbol,The"', 'Brown, Dan', '9780593054277');
INSERT INTO book ('book_id', 'title', 'author', 'isbn') VALUES
    ('be915bb9-e54c-35d1-bcbb-f1270a40e88e', '"Short History of Nearly Everything,A"', 'Bryson, Bill', '9780552997041');
INSERT INTO book ('book_id', 'title', 'author', 'isbn') VALUES
    ('9eb48760-6754-3d9f-8dbd-c23de75fcd60', 'Breaking Dawn', 'Meyer, Stephenie', '9781905654284');
INSERT INTO book ('book_id', 'title', 'author', 'isbn') VALUES
    ('fc60a7fe-e3ab-3cf9-b5ed-fd12a9f1addc', 'Harry Potter and the Goblet of Fire', 'Rowling, J. K.', '9780747546245');
INSERT INTO book ('book_id', 'title', 'author', 'isbn') VALUES
    ('7661f820-d036-3781-a6e4-aa45b2873823', 'Harry Potter and the Deathly Hallows', 'Rowling, J. K.', '9780747591061');
INSERT INTO book ('book_id', 'title', 'author', 'isbn') VALUES
    ('76aa9050-552b-3731-87b1-1dbc8fe3e9d5', '"Girl Who Played With Fire,The:Millennium Trilogy"', 'Larsson, Stieg', '9781849163422');
INSERT INTO book ('book_id', 'title', 'author', 'isbn') VALUES
    ('42b54270-f11b-3700-bb91-50a2e8295169', '"Child Called It,A"', 'Pelzer, Dave', '9780752837505');
INSERT INTO book ('book_id', 'title', 'author', 'isbn') VALUES
    ('bac3f7f7-670b-33c0-8ff9-c65ee5b7c4d9', '"No.1 Ladies'' Detective Agency"', 'McCall Smith, Alexander', '9780349116754');
INSERT INTO book ('book_id', 'title', 'author', 'isbn') VALUES
    ('38ee31d4-73c4-304e-8c3f-a206dff4d38f', 'You are What You Eat:The Plan That Will Change Your Life', 'McKeith, Gillian', '9780718147655');
INSERT INTO book ('book_id', 'title', 'author', 'isbn') VALUES
    ('cc0e22d6-96eb-3a6e-a02e-9f7597c0cf6a', 'Man and Boy', 'Parsons, Tony', '9780006512134');
INSERT INTO book ('book_id', 'title', 'author', 'isbn') VALUES
    ('2e75f46a-12d7-30b9-a0c7-2635937f71c2', 'Birdsong', 'Faulks, Sebastian', '9780099387916');
INSERT INTO book ('book_id', 'title', 'author', 'isbn') VALUES
    ('b49166af-1683-3682-a32c-159f587bed0c', 'Labyrinth', 'Mosse, Kate', '9780752877327');
INSERT INTO book ('book_id', 'title', 'author', 'isbn') VALUES
    ('3eba6ab5-07bd-3668-8194-92605c61a88f', '"Island,The"', 'Hislop, Victoria', '9780755309511');
INSERT INTO book ('book_id', 'title', 'author', 'isbn') VALUES
    ('1ed154a2-7670-3ba9-9de5-5fa2fb3ae353', 'Life of Pi', 'Martel, Yann', '9781841953922');
INSERT INTO book ('book_id', 'title', 'author', 'isbn') VALUES
    ('388936d8-24cc-3a47-a188-ca6b5b7bc1bd', '"Dr. Atkin'' New Diet Revolution', 'Atkins, Robert C.', '9780091889487');
INSERT INTO book ('book_id', 'title', 'author', 'isbn') VALUES
    ('55053a1a-3654-3bdc-a3d6-84e5bdd305bb', '"Tales of Beedle the Bard,The"', 'Rowling, J. K.', '9780747599876');
INSERT INTO book ('book_id', 'title', 'author', 'isbn') VALUES
    ('7d75f3c7-e2b1-38ab-9b6a-821fbee0341d', 'Captain Corelli''s Mandolin', 'De Bernieres, Louis', '9780749397548');
INSERT INTO book ('book_id', 'title', 'author', 'isbn') VALUES
    ('8ce29acc-fa2f-3cc4-be33-3150ff960627', 'Delia''s How to Cook:(Bk.1)', 'Smith, Delia', '9780563384304');
INSERT INTO book ('book_id', 'title', 'author', 'isbn') VALUES
    ('bae51bbb-53dc-3eaa-9f41-382d12ff9ace', '"Gruffalo,The"', 'Donaldson, Julia', '9780330507417');
INSERT INTO book ('book_id', 'title', 'author', 'isbn') VALUES
    ('3c4ff3df-178b-333e-9c1b-7756fec0fff0', '"Eats, Shoots and Leaves:The Zero Tolerance Approach to Punctuation"', 'Truss, Lynne', '9781861976123');
INSERT INTO book ('book_id', 'title', 'author', 'isbn') VALUES
    ('0aa552bd-32a0-39e9-ad33-23c71452b4e5', 'Northern Lights:His Dark Materials S.', 'Pullman, Philip', '9780590660549');
INSERT INTO book ('book_id', 'title', 'author', 'isbn') VALUES
    ('bb792b3e-8210-34f0-a477-47e08eed5373', '"Interpretation of Murder,The"', 'Rubenfeld, Jed', '9780755331420');
INSERT INTO book ('book_id', 'title', 'author', 'isbn') VALUES
    ('e9568b35-36cc-3688-9197-c93cc7650be5', '"Girl Who Kicked the Hornets'' Nest,The:Millennium Trilogy"', 'Larsson, Stieg', '9781849162746');
INSERT INTO book ('book_id', 'title', 'author', 'isbn') VALUES
    ('2d106313-a19b-363b-91d8-34b6b50fbd6f', 'Bridget Jones: The Edge of Reason', 'Fielding, Helen', '9780330367356');
INSERT INTO book ('book_id', 'title', 'author', 'isbn') VALUES
    ('9ef6da94-855c-3300-ab58-e61f2cf2a17e', '"Short History of Tractors in Ukrainian,A"', 'Lewycka, Marina', '9780141020525');
INSERT INTO book ('book_id', 'title', 'author', 'isbn') VALUES
    ('375d1567-f1f2-319f-aa78-6aa5a66d92d4', '"Alchemist,The:A Fable About Following Your Dream"', 'Coelho, Paulo', '9780722532935');
INSERT INTO book ('book_id', 'title', 'author', 'isbn') VALUES
    ('d40bab01-cf16-36b4-95e6-ee7a0769c117', 'Notes from a Small Island', 'Bryson, Bill', '9780552996006');
INSERT INTO book ('book_id', 'title', 'author', 'isbn') VALUES
    ('9090cd46-7f99-3b6e-82b8-78a719aa8c32', '"Boy in the Striped Pyjamas,The"', 'Boyne, John', '9780099487821');
INSERT INTO book ('book_id', 'title', 'author', 'isbn') VALUES
    ('62025a03-710e-35f3-830b-1e16fabdffe8', 'Stupid White Men:...and Other Sorry Excuses for the State of the Natio', 'Moore, Michael', '9780141011905');
INSERT INTO book ('book_id', 'title', 'author', 'isbn') VALUES
    ('9d675a38-32ef-3c29-aad9-8254eb34c578', 'Jamie''s 30-minute Meals', 'Oliver, Jamie', '9780718154776');
INSERT INTO book ('book_id', 'title', 'author', 'isbn') VALUES
    ('36be041c-fb84-398f-8813-ac08e0429eff', '"Broker,The"', 'Grisham, John', '9780099457169');
INSERT INTO book ('book_id', 'title', 'author', 'isbn') VALUES
    ('0ada9c69-d07e-3ee4-8370-9a87d1035b91', 'Bridget Jones''s Diary:A Novel', 'Fielding, Helen', '9780330332774');
INSERT INTO book ('book_id', 'title', 'author', 'isbn') VALUES
    ('8d98de66-92df-316b-acbe-80c8407a7f4c', '"Very Hungry Caterpillar,The:The Very Hungry Caterpillar"', 'Carle, Eric', '9780241003008');
INSERT INTO book ('book_id', 'title', 'author', 'isbn') VALUES
    ('04f4a340-11e8-337e-9017-6e25916f8115', '"Thousand Splendid Suns,A"', 'Hosseini, Khaled', '9780747582977');
INSERT INTO book ('book_id', 'title', 'author', 'isbn') VALUES
    ('9382d370-1942-34aa-b504-ccf6a634314c', '"Sound of Laughter,The"', 'Kay, Peter', '9781846051616');
INSERT INTO book ('book_id', 'title', 'author', 'isbn') VALUES
    ('6dd98958-751b-38e2-a4ca-a2bd56d716a1', 'Jamie''s Italy', 'Oliver, Jamie', '9780718147709');
INSERT INTO book ('book_id', 'title', 'author', 'isbn') VALUES
    ('6575570d-1969-3a15-8349-650716a6b0ce', 'Small Island', 'Levy, Andrea', '9780755307500');
INSERT INTO book ('book_id', 'title', 'author', 'isbn') VALUES
    ('1f7fc14b-b734-3f07-96e5-807dc284772c', '"Memory Keeper''s Daughter,The"', 'Edwards, Kim', '9780141030142');
INSERT INTO book ('book_id', 'title', 'author', 'isbn') VALUES
    ('b2c17de0-4319-3ebb-84b4-585a2f64aea0', 'Billy Connolly', 'Stephenson, Pamela', '9780007110926');
INSERT INTO book ('book_id', 'title', 'author', 'isbn') VALUES
    ('4eabe393-38d1-3414-bd2c-ec9cd9a17f89', '"House at Riverton,The"', 'Morton, Kate', '9780330448444');
INSERT INTO book ('book_id', 'title', 'author', 'isbn') VALUES
    ('0d10ffc7-d7c5-3dd6-a030-0fb7b104ab99', 'Harry Potter and the Order of the Phoenix', 'Rowling, J. K.', '9780747561071');
INSERT INTO book ('book_id', 'title', 'author', 'isbn') VALUES
    ('9dca124d-d7a5-3da0-bbbe-abfba5f57056', 'Nigella Express', 'Lawson, Nigella', '9780701181840');
INSERT INTO book ('book_id', 'title', 'author', 'isbn') VALUES
    ('7c50f430-720d-3632-993d-d0f55cdee4a1', 'Memoirs of a Geisha', 'Golden, Arthur', '9780099771517');
INSERT INTO book ('book_id', 'title', 'author', 'isbn') VALUES
    ('ed2f4e1d-e241-30aa-b313-d95a7ea008f1', 'Delia''s How to Cook:(Bk.2)', 'Smith, Delia', '9780563384311');
INSERT INTO book ('book_id', 'title', 'author', 'isbn') VALUES
    ('0cbb407e-f2a2-38cc-bbde-2adff6c1a507', '"Subtle Knife,The:His Dark Materials S."', 'Pullman, Philip', '9780590112895');
INSERT INTO book ('book_id', 'title', 'author', 'isbn') VALUES
    ('3d182884-1069-3371-9092-789ca5a12bb4', 'Jamie''s Ministry of Food:Anyone Can Learn to Cook in 24 Hours', 'Oliver, Jamie', '9780718148621');
INSERT INTO book ('book_id', 'title', 'author', 'isbn') VALUES
    ('2916e1af-4ebe-3b3e-92ba-0d4c91ddbc74', 'Guinness World Records 2009:2009', 'Various', '9781904994367');
INSERT INTO book ('book_id', 'title', 'author', 'isbn') VALUES
    ('357d0fd1-e9e7-31d1-927a-9e5396086f37', 'Why Don''t Penguins'' Feet Freeze?:And 114 Other Questions', 'Various', '9781861978769');
INSERT INTO book ('book_id', 'title', 'author', 'isbn') VALUES
    ('7b087fb2-5174-39b6-91f1-3b63e5cda1cd', 'Jamie at Home:Cook Your Way to the Good Life', 'Oliver, Jamie', '9780718152437');
INSERT INTO book ('book_id', 'title', 'author', 'isbn') VALUES
    ('048ac95e-597b-31a5-93b4-72bfe866471a', 'White Teeth', 'Smith, Zadie', '9780140276336');
INSERT INTO book ('book_id', 'title', 'author', 'isbn') VALUES
    ('833e5968-6ef4-3e2a-9cd3-70d2d99d02f0', '"Devil Wears Prada,The"', 'Weisberger, Lauren', '9780007156108');
INSERT INTO book ('book_id', 'title', 'author', 'isbn') VALUES
    ('5869dc3d-6b57-3fd0-9a49-ab251fcd1b23', 'At My Mother''s Knee ...:and Other Low Joints', 'O''Grady, Paul', '9780593059258');
INSERT INTO book ('book_id', 'title', 'author', 'isbn') VALUES
    ('c548d298-d8a2-31cd-a05b-24541d26f905', 'No Time for Goodbye', 'Barclay, Linwood', '9780752893686');
INSERT INTO book ('book_id', 'title', 'author', 'isbn') VALUES
    ('05e6f059-daca-3d4b-a2b0-cf07feae96c1', '"""Times"" Su Doku,The:The Utterly Addictive Number-placing Puzzle:(Bk. 1"', 'Various', '9780007207329');
INSERT INTO book ('book_id', 'title', 'author', 'isbn') VALUES
    ('071f0388-d76c-38ca-ab9e-02282bdc5f0b', 'Chocolat', 'Harris, Joanne', '9780552998482');
INSERT INTO book ('book_id', 'title', 'author', 'isbn') VALUES
    ('692ca921-6794-3a86-a6bd-13acd075dc17', '"Return of the Naked Chef,The"', 'Oliver, Jamie', '9780718144395');
INSERT INTO book ('book_id', 'title', 'author', 'isbn') VALUES
    ('f5dd7336-edba-3b2a-b558-8b5cb5fe69d0', 'Angela''s Ashes:A Memoir of a Childhood', 'McCourt, Frank', '9780006498407');
INSERT INTO book ('book_id', 'title', 'author', 'isbn') VALUES
    ('6335baeb-37cf-335a-832e-f574d0e20547', 'Schott''s Original Miscellany', 'Schott, Ben', '9780747563204');
INSERT INTO book ('book_id', 'title', 'author', 'isbn') VALUES
    ('09f0a13f-ea9a-35be-8102-0808ec4a97b9', 'Dreams from My Father:A Story of Race and Inheritance', 'Obama, Barack', '9781847670946');
INSERT INTO book ('book_id', 'title', 'author', 'isbn') VALUES
    ('694bb0cc-9bfa-382d-9098-66865c1d0559', '"Dangerous Book for Boys,The"', 'Iggulden, Conn & Iggulden, Hal', '9780007232741');
INSERT INTO book ('book_id', 'title', 'author', 'isbn') VALUES
    ('ffec33ef-7536-37b2-93a6-26bb0684dfec', 'To Kill a Mockingbird', 'Lee, Harper', '9780099419785');
INSERT INTO book ('book_id', 'title', 'author', 'isbn') VALUES
    ('c9dd52de-b10b-3a9f-9215-741fb7075c9e', '"Summons,The"', 'Grisham, John', '9780099406136');
INSERT INTO book ('book_id', 'title', 'author', 'isbn') VALUES
    ('13b6954d-a1dd-3d9d-902a-98fda7a6d152', '"Lost Symbol,The"', 'Brown, Dan', '9780552149525');
INSERT INTO book ('book_id', 'title', 'author', 'isbn') VALUES
    ('8d4546b7-8766-326b-abf9-c9ff699d504b', '"Catcher in the Rye,The"', 'Salinger, J.D.', '9780140237504');
INSERT INTO book ('book_id', 'title', 'author', 'isbn') VALUES
    ('ab4bb0d9-d4b0-3600-a9b9-55f05f4b0001', 'I Can Make You Thin', 'McKenna, Paul', '9780593050545');
INSERT INTO book ('book_id', 'title', 'author', 'isbn') VALUES
    ('42048f3b-ea38-300b-8ae2-f95b12bf3489', 'Happy Days with the Naked Chef', 'Oliver, Jamie', '9780718144845');
INSERT INTO book ('book_id', 'title', 'author', 'isbn') VALUES
    ('0b6e9852-aaaf-362e-8fef-dde7d6121d50', 'Brick Lane', 'Ali, Monica', '9780552771153');
INSERT INTO book ('book_id', 'title', 'author', 'isbn') VALUES
    ('d85b07f5-003a-38bb-912d-1ac9076c44cc', 'Anybody Out There?', 'Keyes, Marian', '9780141019376');
INSERT INTO book ('book_id', 'title', 'author', 'isbn') VALUES
    ('62166fe8-e273-3cd4-be99-a8da1f8f591c', '"Undomestic Goddess,The"', 'Kinsella, Sophie', '9780552772747');
INSERT INTO book ('book_id', 'title', 'author', 'isbn') VALUES
    ('85fe956b-0e0f-31cc-86fe-8e075d9c5c3a', '"Book Thief,The"', 'Zusak, Markus', '9780552773898');
INSERT INTO book ('book_id', 'title', 'author', 'isbn') VALUES
    ('888223e5-e232-3e89-8957-58e58cc576f5', 'I Know You Got Soul', 'Clarkson, Jeremy', '9780141022925');
INSERT INTO book ('book_id', 'title', 'author', 'isbn') VALUES
    ('917d4013-9a1c-30c1-ba25-b98e6014551e', 'Sharon Osbourne Extreme:My Autobiography', 'Osbourne, Sharon', '9780316731317');
INSERT INTO book ('book_id', 'title', 'author', 'isbn') VALUES
    ('5779fe8a-dc2b-3cbb-ab52-2410bac99e98', 'Guinness World Records 2010', 'Various', '9781904994497');
INSERT INTO book ('book_id', 'title', 'author', 'isbn') VALUES
    ('8b4a0727-4d0b-31c3-9dff-e211c77b8733', '"Amber Spyglass,The:His Dark Materials S."', 'Pullman, Philip', '9780439993586');
INSERT INTO book ('book_id', 'title', 'author', 'isbn') VALUES
    ('b511c6f1-cc42-3b07-b2e3-6dc9270f5e4d', 'Can You Keep a Secret?', 'Kinsella, Sophie', '9780552771108');
INSERT INTO book ('book_id', 'title', 'author', 'isbn') VALUES
    ('63d8ce33-f190-3c3d-a8bd-976ad3654e35', 'Down Under', 'Bryson, Bill', '9780552997034');
INSERT INTO book ('book_id', 'title', 'author', 'isbn') VALUES
    ('c8ae35c6-fb59-3255-8e7a-c0f0b05af145', '"Spot of Bother,A"', 'Haddon, Mark', '9780099506928');
INSERT INTO book ('book_id', 'title', 'author', 'isbn') VALUES
    ('8e1343d3-5dd3-3526-a235-13735bc5ddec', 'Dear Fatty', 'French, Dawn', '9781846053443');


DELETE FROM user_book;

INSERT INTO user_book ('user_id', 'book_id', 'borrowed_on') VALUES
    ('f1cec6e4-c13c-3e38-a55e-035bdd6f79a9', '216c99eb-31ef-3e68-8f6a-47d44bc857a4', '2014-08-27');
INSERT INTO user_book ('user_id', 'book_id', 'borrowed_on') VALUES
    ('d39f2ade-811d-30c4-b26b-743257b9fe67', 'd418884d-a8a6-3656-b459-ebabd754e332', '2014-08-25');
INSERT INTO user_book ('user_id', 'book_id', 'borrowed_on') VALUES
    ('f6ebacd9-d3c3-3a69-8cc1-bdfe83ade411', '2ea7890b-87e6-38d1-8f1e-08fb49ea5f1a', '2014-03-18');
INSERT INTO user_book ('user_id', 'book_id', 'borrowed_on') VALUES
    ('ddfa9d66-e6b6-3cc1-b69c-9d5d6e2aa2b1', '86741435-1dd9-314f-bdb5-6ddc5c089c3f', '2014-09-15');
INSERT INTO user_book ('user_id', 'book_id', 'borrowed_on') VALUES
    ('0cee2394-33f3-3458-b9a2-a2a5e99d0115', '41444fc3-df21-3331-870e-7b92c5e9f3ad', '2014-09-16');
INSERT INTO user_book ('user_id', 'book_id', 'borrowed_on') VALUES
    ('5f40c02f-3484-3693-a172-b30346dabe31', '88bde84a-1ed3-3768-abcb-d9b3efd6fd93', '2014-08-29');
INSERT INTO user_book ('user_id', 'book_id', 'borrowed_on') VALUES
    ('f1cec6e4-c13c-3e38-a55e-035bdd6f79a9', 'a1bd7b8c-1e74-3207-8228-ea82f4737231', '2014-09-07');
INSERT INTO user_book ('user_id', 'book_id', 'borrowed_on') VALUES
    ('f2b948d9-77b3-32eb-b457-ee7e939efad7', '339598bf-4b11-302b-941c-93a034814843', '2014-09-01');
INSERT INTO user_book ('user_id', 'book_id', 'borrowed_on') VALUES
    ('f1cec6e4-c13c-3e38-a55e-035bdd6f79a9', 'c2702bed-ea3f-39c7-aa63-31669bfb3d92', '2014-09-01');
INSERT INTO user_book ('user_id', 'book_id', 'borrowed_on') VALUES
    ('64b488cb-b148-3ca5-9e5e-1d8d308899fa', '97c1446f-d86e-30ed-94bd-a06ef0a5ec53', '2014-09-10');
INSERT INTO user_book ('user_id', 'book_id', 'borrowed_on') VALUES
    ('d475e597-8525-3e1c-a96c-fd0fc2a29c44', 'aefc3dab-8739-34a8-8f2d-a626d3f03981', '2014-07-08');
INSERT INTO user_book ('user_id', 'book_id', 'borrowed_on') VALUES
    ('1b8bfcc7-d058-3c84-960e-2f186cda4d35', '9eb48760-6754-3d9f-8dbd-c23de75fcd60', '2014-07-22');
INSERT INTO user_book ('user_id', 'book_id', 'borrowed_on') VALUES
    ('1b8bfcc7-d058-3c84-960e-2f186cda4d35', 'fc60a7fe-e3ab-3cf9-b5ed-fd12a9f1addc', '2014-08-26');
INSERT INTO user_book ('user_id', 'book_id', 'borrowed_on') VALUES
    ('6d648fb8-c99a-366d-9a9e-2223d7315add', '76aa9050-552b-3731-87b1-1dbc8fe3e9d5', '2014-09-11');
INSERT INTO user_book ('user_id', 'book_id', 'borrowed_on') VALUES
    ('2274ab6c-3f92-3a6e-ab74-23088399fd2a', '42b54270-f11b-3700-bb91-50a2e8295169', '2014-09-14');
INSERT INTO user_book ('user_id', 'book_id', 'borrowed_on') VALUES
    ('d475e597-8525-3e1c-a96c-fd0fc2a29c44', '38ee31d4-73c4-304e-8c3f-a206dff4d38f', '2014-03-25');
INSERT INTO user_book ('user_id', 'book_id', 'borrowed_on') VALUES
    ('179f7625-1002-3eee-8958-bc6e7026dc6b', '388936d8-24cc-3a47-a188-ca6b5b7bc1bd', '2014-08-29');
INSERT INTO user_book ('user_id', 'book_id', 'borrowed_on') VALUES
    ('ddfa9d66-e6b6-3cc1-b69c-9d5d6e2aa2b1', '55053a1a-3654-3bdc-a3d6-84e5bdd305bb', '2014-09-01');
INSERT INTO user_book ('user_id', 'book_id', 'borrowed_on') VALUES
    ('459c1e14-c097-3132-bb95-8a7e3c79a23f', '7d75f3c7-e2b1-38ab-9b6a-821fbee0341d', '2014-02-25');
INSERT INTO user_book ('user_id', 'book_id', 'borrowed_on') VALUES
    ('e560d07e-c704-3db1-943f-3e3202e24120', 'bae51bbb-53dc-3eaa-9f41-382d12ff9ace', '2014-04-15');
INSERT INTO user_book ('user_id', 'book_id', 'borrowed_on') VALUES
    ('0d5ba641-a722-349d-9415-6cd074e5e47e', '0aa552bd-32a0-39e9-ad33-23c71452b4e5', '2014-08-30');
INSERT INTO user_book ('user_id', 'book_id', 'borrowed_on') VALUES
    ('bca9dc72-7f6a-334b-94b1-f7946af0ac47', 'e9568b35-36cc-3688-9197-c93cc7650be5', '2014-03-18');
INSERT INTO user_book ('user_id', 'book_id', 'borrowed_on') VALUES
    ('179f7625-1002-3eee-8958-bc6e7026dc6b', '2d106313-a19b-363b-91d8-34b6b50fbd6f', '2014-09-09');
INSERT INTO user_book ('user_id', 'book_id', 'borrowed_on') VALUES
    ('f075512f-9734-304c-b839-b86174143c07', 'd40bab01-cf16-36b4-95e6-ee7a0769c117', '2014-06-03');
INSERT INTO user_book ('user_id', 'book_id', 'borrowed_on') VALUES
    ('77707f1b-400c-3fe0-b656-c0b14499a71d', '62025a03-710e-35f3-830b-1e16fabdffe8', '2014-09-11');
INSERT INTO user_book ('user_id', 'book_id', 'borrowed_on') VALUES
    ('f2b948d9-77b3-32eb-b457-ee7e939efad7', '04f4a340-11e8-337e-9017-6e25916f8115', '2014-08-26');
INSERT INTO user_book ('user_id', 'book_id', 'borrowed_on') VALUES
    ('bca9dc72-7f6a-334b-94b1-f7946af0ac47', '9382d370-1942-34aa-b504-ccf6a634314c', '2014-08-29');
INSERT INTO user_book ('user_id', 'book_id', 'borrowed_on') VALUES
    ('64b488cb-b148-3ca5-9e5e-1d8d308899fa', '6dd98958-751b-38e2-a4ca-a2bd56d716a1', '2014-09-02');
INSERT INTO user_book ('user_id', 'book_id', 'borrowed_on') VALUES
    ('f1cec6e4-c13c-3e38-a55e-035bdd6f79a9', '6575570d-1969-3a15-8349-650716a6b0ce', '2014-09-21');
INSERT INTO user_book ('user_id', 'book_id', 'borrowed_on') VALUES
    ('d475e597-8525-3e1c-a96c-fd0fc2a29c44', '1f7fc14b-b734-3f07-96e5-807dc284772c', '2014-08-31');
INSERT INTO user_book ('user_id', 'book_id', 'borrowed_on') VALUES
    ('f1a16bf2-cfff-3571-adf8-a96365598736', 'b2c17de0-4319-3ebb-84b4-585a2f64aea0', '2014-09-02');
INSERT INTO user_book ('user_id', 'book_id', 'borrowed_on') VALUES
    ('d39f2ade-811d-30c4-b26b-743257b9fe67', '9dca124d-d7a5-3da0-bbbe-abfba5f57056', '2014-09-02');
INSERT INTO user_book ('user_id', 'book_id', 'borrowed_on') VALUES
    ('f075512f-9734-304c-b839-b86174143c07', '0cbb407e-f2a2-38cc-bbde-2adff6c1a507', '2014-06-10');
INSERT INTO user_book ('user_id', 'book_id', 'borrowed_on') VALUES
    ('5944b541-64a2-3db2-acd1-5549511eeae9', '357d0fd1-e9e7-31d1-927a-9e5396086f37', '2014-03-11');
INSERT INTO user_book ('user_id', 'book_id', 'borrowed_on') VALUES
    ('d39f2ade-811d-30c4-b26b-743257b9fe67', '7b087fb2-5174-39b6-91f1-3b63e5cda1cd', '2014-08-31');
INSERT INTO user_book ('user_id', 'book_id', 'borrowed_on') VALUES
    ('d475e597-8525-3e1c-a96c-fd0fc2a29c44', '048ac95e-597b-31a5-93b4-72bfe866471a', '2014-09-09');
INSERT INTO user_book ('user_id', 'book_id', 'borrowed_on') VALUES
    ('1b8bfcc7-d058-3c84-960e-2f186cda4d35', '5869dc3d-6b57-3fd0-9a49-ab251fcd1b23', '2014-09-18');
INSERT INTO user_book ('user_id', 'book_id', 'borrowed_on') VALUES
    ('e560d07e-c704-3db1-943f-3e3202e24120', 'c548d298-d8a2-31cd-a05b-24541d26f905', '2014-04-01');
INSERT INTO user_book ('user_id', 'book_id', 'borrowed_on') VALUES
    ('5944b541-64a2-3db2-acd1-5549511eeae9', '6335baeb-37cf-335a-832e-f574d0e20547', '2014-06-03');
INSERT INTO user_book ('user_id', 'book_id', 'borrowed_on') VALUES
    ('ddfa9d66-e6b6-3cc1-b69c-9d5d6e2aa2b1', '09f0a13f-ea9a-35be-8102-0808ec4a97b9', '2014-09-15');
INSERT INTO user_book ('user_id', 'book_id', 'borrowed_on') VALUES
    ('ee8bd5b2-c9f0-3eb9-8728-49e8030e0537', '694bb0cc-9bfa-382d-9098-66865c1d0559', '2014-09-14');
INSERT INTO user_book ('user_id', 'book_id', 'borrowed_on') VALUES
    ('0d5ba641-a722-349d-9415-6cd074e5e47e', '8d4546b7-8766-326b-abf9-c9ff699d504b', '2014-09-21');
INSERT INTO user_book ('user_id', 'book_id', 'borrowed_on') VALUES
    ('f1a16bf2-cfff-3571-adf8-a96365598736', '0b6e9852-aaaf-362e-8fef-dde7d6121d50', '2014-09-22');
INSERT INTO user_book ('user_id', 'book_id', 'borrowed_on') VALUES
    ('5f40c02f-3484-3693-a172-b30346dabe31', '85fe956b-0e0f-31cc-86fe-8e075d9c5c3a', '2014-04-01');
INSERT INTO user_book ('user_id', 'book_id', 'borrowed_on') VALUES
    ('5f40c02f-3484-3693-a172-b30346dabe31', '8b4a0727-4d0b-31c3-9dff-e211c77b8733', '2014-09-05');
INSERT INTO user_book ('user_id', 'book_id', 'borrowed_on') VALUES
    ('459c1e14-c097-3132-bb95-8a7e3c79a23f', 'b511c6f1-cc42-3b07-b2e3-6dc9270f5e4d', '2014-09-02');
INSERT INTO user_book ('user_id', 'book_id', 'borrowed_on') VALUES
    ('f1a16bf2-cfff-3571-adf8-a96365598736', 'c8ae35c6-fb59-3255-8e7a-c0f0b05af145', '2014-09-17');
INSERT INTO user_book ('user_id', 'book_id', 'borrowed_on') VALUES
    ('f1a16bf2-cfff-3571-adf8-a96365598736', '8e1343d3-5dd3-3526-a235-13735bc5ddec', '2014-04-22');


